
SET NAMES utf8;
SET time_zone = '+00:00';
SET foreign_key_checks = 0;
SET sql_mode = 'NO_AUTO_VALUE_ON_ZERO';

CREATE TABLE `agenda` (
  `code_agenda` bigint NOT NULL,
  `date_debut_agenda` datetime DEFAULT NULL,
  `date_fin_agenda` datetime DEFAULT NULL,
  `motif_agenda` varchar(255) DEFAULT NULL,
  `matricule_enseignant` varchar(15) DEFAULT NULL,
  PRIMARY KEY (`code_agenda`),
  KEY `FKi9xm9330cl1l6j2bfy38sb4g5` (`matricule_enseignant`)
) ENGINE=MyISAM DEFAULT CHARSET=utf8;


CREATE TABLE `calendrier` (
  `code_calendrier` bigint NOT NULL,
  `date_debut` datetime DEFAULT NULL,
  `date_fin` datetime DEFAULT NULL,
  `code_universite` bigint DEFAULT NULL,
  PRIMARY KEY (`code_calendrier`),
  KEY `FKmw3y3qpt9496f0o9tsfb3i4jm` (`code_universite`)
) ENGINE=MyISAM DEFAULT CHARSET=utf8;


CREATE TABLE `classe` (
  `code_classe` bigint NOT NULL,
  `code_groupe` bigint DEFAULT NULL,
  `code_matiere` varchar(15) DEFAULT NULL,
  `matricule_enseignant` varchar(15) DEFAULT NULL,
  `code_type_seance` bigint DEFAULT NULL,
  PRIMARY KEY (`code_classe`),
  KEY `FKpw0c1th9d8d3veyiau5eguxw7` (`code_groupe`),
  KEY `FKoivrvu8bj7nqvmr96hperapnu` (`matricule_enseignant`),
  KEY `FK56c4637ya3ati6pxhh1c2eyre` (`code_matiere`),
  KEY `FKa3n6i8vb2u4tphwy7ul765uhd` (`code_type_seance`)
) ENGINE=MyISAM DEFAULT CHARSET=utf8;

INSERT INTO `classe` (`code_classe`, `code_groupe`, `code_matiere`, `matricule_enseignant`, `code_type_seance`) VALUES
(35,	NULL,	'9',	'8',	3),
(34,	NULL,	'9',	'8',	2),
(33,	NULL,	'9',	'8',	1),
(32,	NULL,	'8',	'7',	3),
(31,	NULL,	'8',	'7',	1),
(30,	NULL,	'7',	'6',	3),
(29,	NULL,	'7',	'6',	3),
(28,	NULL,	'7',	'6',	3),
(27,	NULL,	'7',	'6',	2),
(26,	NULL,	'7',	'6',	2),
(25,	NULL,	'7',	'6',	1),
(24,	NULL,	'6',	'5',	3),
(23,	NULL,	'6',	'5',	3),
(22,	NULL,	'6',	'5',	3),
(21,	NULL,	'6',	'5',	2),
(20,	NULL,	'6',	'5',	2),
(19,	NULL,	'6',	'5',	1),
(18,	NULL,	'5',	'9',	3),
(17,	NULL,	'5',	'9',	2),
(16,	NULL,	'5',	'9',	1),
(15,	NULL,	'4',	'3',	3),
(14,	NULL,	'4',	'3',	1),
(13,	NULL,	'3',	'2',	3),
(12,	NULL,	'3',	'2',	3),
(11,	NULL,	'3',	'2',	3),
(10,	NULL,	'3',	'2',	1),
(9,	NULL,	'2',	'1',	3),
(8,	NULL,	'2',	'1',	3),
(7,	NULL,	'2',	'1',	3),
(6,	NULL,	'2',	'1',	2),
(5,	NULL,	'2',	'1',	2),
(4,	NULL,	'2',	'1',	1),
(3,	NULL,	'1',	'4',	3),
(2,	NULL,	'1',	'4',	3),
(1,	NULL,	'1',	'4',	3);

CREATE TABLE `classe_contrainte` (
  `code_clase` bigint NOT NULL,
  `code_contrainte` bigint NOT NULL,
  KEY `FK3eh11ijn4l0dirr6pbkqv7o3g` (`code_contrainte`),
  KEY `FKt81oodwj2g2gb5m66359rhs8m` (`code_clase`)
) ENGINE=MyISAM DEFAULT CHARSET=utf8;


CREATE TABLE `classe_groupe` (
  `code_classe` bigint NOT NULL,
  `numero_groupe` bigint NOT NULL,
  KEY `FK59726gfr8a1m2nlsibihrlfd7` (`numero_groupe`),
  KEY `FKgb1q45pccpucqcfop84u12fw3` (`code_classe`)
) ENGINE=MyISAM DEFAULT CHARSET=utf8;

INSERT INTO `classe_groupe` (`code_classe`, `numero_groupe`) VALUES
(35,	4),
(34,	4),
(33,	4),
(32,	6),
(31,	6),
(30,	7),
(29,	6),
(29,	5),
(28,	4),
(27,	3),
(26,	2),
(25,	1),
(24,	7),
(23,	6),
(23,	5),
(22,	4),
(21,	3),
(20,	2),
(19,	1),
(18,	7),
(17,	7),
(16,	7),
(15,	5),
(14,	5),
(13,	7),
(12,	6),
(12,	5),
(11,	4),
(10,	1),
(9,	7),
(8,	6),
(8,	5),
(7,	4),
(6,	3),
(5,	2),
(4,	1),
(3,	7),
(2,	6),
(2,	5),
(1,	4);

CREATE TABLE `classe_salle` (
  `code_classe` bigint NOT NULL,
  `code_salle` varchar(255) NOT NULL,
  `penalty` int DEFAULT NULL,
  PRIMARY KEY (`code_classe`,`code_salle`),
  KEY `FKs3ml6utnm9y78xqwubpb6gt6h` (`code_salle`)
) ENGINE=MyISAM DEFAULT CHARSET=utf8;

INSERT INTO `classe_salle` (`code_classe`, `code_salle`, `penalty`) VALUES
(35,	'3',	1),
(35,	'2',	0),
(35,	'1',	2),
(34,	'5',	1),
(34,	'4',	0),
(33,	'5',	1),
(33,	'4',	0),
(32,	'3',	1),
(32,	'2',	0),
(32,	'1',	2),
(31,	'5',	1),
(31,	'4',	0),
(30,	'3',	1),
(30,	'2',	0),
(30,	'1',	2),
(29,	'3',	1),
(29,	'2',	0),
(29,	'1',	2),
(28,	'3',	1),
(28,	'2',	0),
(28,	'1',	2),
(27,	'5',	1),
(27,	'4',	0),
(26,	'5',	1),
(26,	'4',	0),
(25,	'5',	1),
(25,	'4',	0),
(24,	'3',	1),
(24,	'2',	0),
(24,	'1',	2),
(23,	'3',	1),
(23,	'2',	0),
(23,	'1',	2),
(22,	'3',	1),
(22,	'2',	0),
(22,	'1',	2),
(21,	'5',	1),
(21,	'4',	0),
(20,	'5',	1),
(20,	'4',	0),
(19,	'5',	1),
(19,	'4',	0),
(18,	'3',	1),
(18,	'2',	0),
(18,	'1',	2),
(17,	'5',	1),
(17,	'4',	0),
(16,	'5',	1),
(16,	'4',	0),
(15,	'3',	1),
(15,	'2',	0),
(15,	'1',	2),
(14,	'5',	1),
(14,	'4',	0),
(13,	'3',	1),
(13,	'2',	0),
(13,	'1',	2),
(12,	'3',	1),
(12,	'2',	0),
(12,	'1',	2),
(11,	'3',	1),
(11,	'2',	0),
(11,	'1',	2),
(10,	'5',	1),
(10,	'4',	0),
(9,	'3',	1),
(9,	'2',	0),
(9,	'1',	2),
(8,	'3',	1),
(8,	'2',	0),
(8,	'1',	2),
(7,	'3',	1),
(7,	'2',	0),
(7,	'1',	2),
(6,	'5',	1),
(6,	'4',	0),
(5,	'5',	1),
(5,	'4',	0),
(4,	'5',	1),
(4,	'4',	0),
(3,	'3',	1),
(3,	'2',	0),
(3,	'1',	2),
(2,	'3',	1),
(2,	'2',	0),
(2,	'1',	2),
(1,	'3',	1),
(1,	'2',	0),
(1,	'1',	2);

CREATE TABLE `commentaire` (
  `numero_commentaire` bigint NOT NULL,
  `libelle_commentaire` varchar(255) DEFAULT NULL,
  PRIMARY KEY (`numero_commentaire`)
) ENGINE=MyISAM DEFAULT CHARSET=utf8;

INSERT INTO `commentaire` (`numero_commentaire`, `libelle_commentaire`) VALUES
(1,	'Ceci est un commentaire');

CREATE TABLE `contrainte` (
  `code_contrainte` bigint NOT NULL,
  `type_contrainte` varchar(255) DEFAULT NULL,
  `code_classe` bigint DEFAULT NULL,
  PRIMARY KEY (`code_contrainte`),
  KEY `FKkrvm7h3acf3wipe5sqgndbkjf` (`code_classe`)
) ENGINE=MyISAM DEFAULT CHARSET=utf8;


CREATE TABLE `departement` (
  `code_departement` bigint NOT NULL,
  `nom_departement` varchar(255) DEFAULT NULL,
  `code_faculte` varchar(255) DEFAULT NULL,
  PRIMARY KEY (`code_departement`),
  KEY `FKk4cv1gydvl4j96cqs8a2gf88s` (`code_faculte`)
) ENGINE=MyISAM DEFAULT CHARSET=utf8;

INSERT INTO `departement` (`code_departement`, `nom_departement`, `code_faculte`) VALUES
(200,	'Maths',	'1'),
(100,	'Informatique',	'1');

CREATE TABLE `diplome` (
  `code_diplome` bigint NOT NULL,
  `libelle_diplome` varchar(255) DEFAULT NULL,
  `code_etape` varchar(15) DEFAULT NULL,
  PRIMARY KEY (`code_diplome`),
  KEY `FKrsa150876enwxknlfmnrwmfpj` (`code_etape`)
) ENGINE=MyISAM DEFAULT CHARSET=utf8;


CREATE TABLE `enseignant` (
  `matricule_enseignant` varchar(15) NOT NULL,
  `obligation_theorique_enseignent` int DEFAULT NULL,
  `email_enseignant` varchar(100) DEFAULT NULL,
  `nom_enseignant` varchar(45) DEFAULT NULL,
  `prenom_enseignant` varchar(60) DEFAULT NULL,
  `code_departement` bigint DEFAULT NULL,
  `code_statut` bigint DEFAULT NULL,
  PRIMARY KEY (`matricule_enseignant`),
  KEY `FKpowvieb1no4nsit1o1cdhrkrm` (`code_departement`),
  KEY `FKr4s61bp5yux97flyk91da3vdx` (`code_statut`)
) ENGINE=MyISAM DEFAULT CHARSET=utf8;

INSERT INTO `enseignant` (`matricule_enseignant`, `obligation_theorique_enseignent`, `email_enseignant`, `nom_enseignant`, `prenom_enseignant`, `code_departement`, `code_statut`) VALUES
('8',	1,	'C.L@univ-angers.fr',	'VASCONCELLOS',	'Claudia',	100,	NULL),
('7',	1,	'D.L@univ-angers.fr',	'AIT EL MEKKI',	'Touria',	100,	NULL),
('6',	1,	'B.D@univ-angers.fr',	'GALERA HUISMAN',	'Silvia',	100,	NULL),
('5',	1,	'E.M@univ-angers.fr',	'CHAUVIN',	'Stephane',	100,	NULL),
('4',	1,	'P.T@univ-angers.fr',	' MENAN',	'Bruno',	100,	NULL),
('3',	1,	'V.B@univ-angers.fr',	'GOUDET',	'Olivier',	100,	NULL),
('2',	1,	'm.e@univ-angers.fr',	'MONFROY',	'Eric',	100,	NULL),
('1',	1,	'h.j@univ-angers.fr',	'HAMIEZ',	'Jean-Philippe',	100,	NULL),
('9',	1,	'P.T@univ-angers.fr',	'NAIE',	'Daniel',	100,	NULL);

CREATE TABLE `equipement` (
  `type_equipement` varchar(2) NOT NULL,
  `code_equipement` bigint NOT NULL,
  `nom_equipement` varchar(255) DEFAULT NULL,
  `code_salle` varchar(255) DEFAULT NULL,
  `code_ue` varchar(255) DEFAULT NULL,
  PRIMARY KEY (`code_equipement`),
  KEY `FK68v9eo3shu6lurwio3na5hxbo` (`code_salle`),
  KEY `FK3px70fx6f1mxvkbew2qg13g8h` (`code_ue`)
) ENGINE=MyISAM DEFAULT CHARSET=utf8;


CREATE TABLE `etape` (
  `code_etape` varchar(15) NOT NULL,
  `libelle_etape` varchar(100) DEFAULT NULL,
  `code_departement` bigint DEFAULT NULL,
  PRIMARY KEY (`code_etape`),
  KEY `FK1l3oqpo80effxjfns9a5n8d1o` (`code_departement`)
) ENGINE=MyISAM DEFAULT CHARSET=utf8;

INSERT INTO `etape` (`code_etape`, `libelle_etape`, `code_departement`) VALUES
('10',	'M2 Maths',	200),
('9',	'M1 Maths',	200),
('8',	'L3 Maths',	200),
('7',	'L2 Maths',	200),
('6',	'L1 Maths',	200),
('5',	'M2 Informatique',	100),
('4',	'M1 Informatique',	100),
('3',	'L3 Informatique',	100),
('2',	'L2 Informatique',	100),
('1',	'L1 MPCIE',	100);

CREATE TABLE `etudiant` (
  `code_etudiant` varchar(255) NOT NULL,
  `email_etudiant` varchar(255) DEFAULT NULL,
  `nom_etudiant` varchar(255) DEFAULT NULL,
  `prenom_etudiant` varchar(255) DEFAULT NULL,
  `code_groupe` bigint DEFAULT NULL,
  PRIMARY KEY (`code_etudiant`),
  KEY `FKrjjq13ic58vacwi09blk6c00c` (`code_groupe`)
) ENGINE=MyISAM DEFAULT CHARSET=utf8;


CREATE TABLE `evenement` (
  `code_evenement` bigint NOT NULL,
  `date_debut` datetime DEFAULT NULL,
  `date_fin` datetime DEFAULT NULL,
  `type_evenement` varchar(255) DEFAULT NULL,
  `code_calendrier` bigint DEFAULT NULL,
  PRIMARY KEY (`code_evenement`),
  KEY `FK8sufww86ifysc0xx38elwjusg` (`code_calendrier`)
) ENGINE=MyISAM DEFAULT CHARSET=utf8;


CREATE TABLE `faculte` (
  `code_faculte` varchar(255) NOT NULL,
  `lieu_faculte` varchar(200) DEFAULT NULL,
  `nom_faculte` varchar(200) DEFAULT NULL,
  `code_universite` bigint DEFAULT NULL,
  PRIMARY KEY (`code_faculte`),
  KEY `FKfti3usn1jt02b5afq9hd1yn9i` (`code_universite`)
) ENGINE=MyISAM DEFAULT CHARSET=utf8;

INSERT INTO `faculte` (`code_faculte`, `lieu_faculte`, `nom_faculte`, `code_universite`) VALUES
('2',	'Saint-serge',	'Faculté de droit d\'économie et de gestion',	10),
('1',	'Belle-beille',	'Faculté des sciences',	10);

CREATE TABLE `groupe` (
  `numero_groupe` bigint NOT NULL,
  `libelle_groupe` varchar(30) DEFAULT NULL,
  `code_etape` varchar(15) DEFAULT NULL,
  `code_groupe_parent` bigint DEFAULT NULL,
  PRIMARY KEY (`numero_groupe`),
  KEY `FK2ya1r8xhar59bklcxs2nlvyhl` (`code_etape`)
) ENGINE=MyISAM DEFAULT CHARSET=utf8;

INSERT INTO `groupe` (`numero_groupe`, `libelle_groupe`, `code_etape`, `code_groupe_parent`) VALUES
(7,	'CM-TDB-TPCPROD',	'1',	3),
(6,	'CM-TDB-TPBQT',	'1',	3),
(5,	'CM-TDA-TPBSYNT',	'1',	2),
(4,	'CM-TDA-TPASYS',	'1',	2),
(3,	'CM-TDB',	'1',	1),
(2,	'CM-TDA',	'1',	1),
(1,	'CM',	'1',	0);

CREATE TABLE `hibernate_sequence` (
  `next_val` bigint DEFAULT NULL
) ENGINE=MyISAM DEFAULT CHARSET=utf8;

INSERT INTO `hibernate_sequence` (`next_val`) VALUES
(9451),
(9451),
(9451),
(9451),
(9451),
(9451),
(9451),
(9451),
(9451),
(9451),
(9451),
(9451),
(9451),
(9451),
(9451),
(9451);

CREATE TABLE `matiere` (
  `code_matiere` varchar(15) NOT NULL,
  `charge_cm_matiere` int DEFAULT NULL,
  `charge_tp_matiere` int DEFAULT NULL,
  `ects_matiere` int DEFAULT NULL,
  `libelle_matiere` varchar(100) DEFAULT NULL,
  `volume_horaire_matiere` varchar(255) DEFAULT NULL,
  `code_ue` varchar(255) DEFAULT NULL,
  PRIMARY KEY (`code_matiere`),
  KEY `FK6wh1bwxhwaee9chhsxb3vpwyg` (`code_ue`)
) ENGINE=MyISAM DEFAULT CHARSET=utf8;

INSERT INTO `matiere` (`code_matiere`, `charge_cm_matiere`, `charge_tp_matiere`, `ects_matiere`, `libelle_matiere`, `volume_horaire_matiere`, `code_ue`) VALUES
('9',	1,	20,	10,	'Algorithmique 2',	NULL,	'4'),
('8',	1,	20,	10,	'Chimie organique 1',	NULL,	'4'),
('7',	1,	20,	10,	'Electrostatique',	NULL,	'3'),
('6',	1,	20,	10,	'Optique géométrique',	NULL,	'3'),
('5',	1,	20,	10,	'Electrocinétique',	NULL,	'4'),
('4',	1,	20,	10,	'Microéconomie 1',	NULL,	'4'),
('3',	1,	20,	10,	'Arithmétique',	NULL,	'2'),
('2',	1,	20,	10,	'Fondement d\'analyse',	NULL,	'1'),
('1',	1,	20,	10,	'Anglais',	NULL,	'5');

CREATE TABLE `periode` (
  `code_periode` bigint NOT NULL,
  `annee_periode` varchar(255) DEFAULT NULL,
  `libelle_periode` varchar(255) DEFAULT NULL,
  PRIMARY KEY (`code_periode`)
) ENGINE=MyISAM DEFAULT CHARSET=utf8;

INSERT INTO `periode` (`code_periode`, `annee_periode`, `libelle_periode`) VALUES
(1,	'2020-2021',	'2e semestre');

CREATE TABLE `programme` (
  `code_programme` bigint NOT NULL,
  `duree_programme` varchar(255) DEFAULT NULL,
  `jour_programme` varchar(255) DEFAULT NULL,
  `penalty_programme` int DEFAULT NULL,
  `semaine_programme` varchar(255) DEFAULT NULL,
  `code_classe` bigint DEFAULT NULL,
  `debut_programme` int DEFAULT NULL,
  PRIMARY KEY (`code_programme`),
  KEY `FKas7hhp33w2rftxcildm5inb5r` (`code_classe`)
) ENGINE=MyISAM DEFAULT CHARSET=utf8;

INSERT INTO `programme` (`code_programme`, `duree_programme`, `jour_programme`, `penalty_programme`, `semaine_programme`, `code_classe`, `debut_programme`) VALUES
(874,	'1',	'00001',	44,	'1111111111',	35,	4),
(873,	'1',	'00001',	10,	'1111111111',	35,	3),
(872,	'1',	'00001',	32,	'1111111111',	35,	2),
(871,	'1',	'00001',	4,	'1111111111',	35,	1),
(870,	'1',	'00010',	11,	'1111111111',	35,	5),
(869,	'1',	'00010',	2,	'1111111111',	35,	4),
(868,	'1',	'00010',	7,	'1111111111',	35,	3),
(867,	'1',	'00010',	9,	'1111111111',	35,	2),
(866,	'1',	'00010',	36,	'1111111111',	35,	1),
(865,	'1',	'00100',	21,	'1111111111',	35,	5),
(864,	'1',	'00100',	32,	'1111111111',	35,	4),
(863,	'1',	'00100',	13,	'1111111111',	35,	3),
(862,	'1',	'00100',	13,	'1111111111',	35,	2),
(861,	'1',	'00100',	20,	'1111111111',	35,	1),
(860,	'1',	'01000',	35,	'1111111111',	35,	5),
(859,	'1',	'01000',	1,	'1111111111',	35,	4),
(858,	'1',	'01000',	4,	'1111111111',	35,	3),
(857,	'1',	'01000',	25,	'1111111111',	35,	2),
(856,	'1',	'01000',	40,	'1111111111',	35,	1),
(855,	'1',	'10000',	23,	'1111111111',	35,	5),
(854,	'1',	'10000',	14,	'1111111111',	35,	4),
(853,	'1',	'10000',	0,	'1111111111',	35,	3),
(852,	'1',	'10000',	20,	'1111111111',	35,	2),
(851,	'1',	'10000',	8,	'1111111111',	35,	1),
(850,	'1',	'00001',	44,	'1111111111',	34,	5),
(849,	'1',	'00001',	32,	'1111111111',	34,	4),
(848,	'1',	'00001',	25,	'1111111111',	34,	3),
(847,	'1',	'00001',	18,	'1111111111',	34,	2),
(846,	'1',	'00001',	22,	'1111111111',	34,	1),
(845,	'1',	'00010',	18,	'1111111111',	34,	5),
(844,	'1',	'00010',	2,	'1111111111',	34,	4),
(843,	'1',	'00010',	4,	'1111111111',	34,	3),
(842,	'1',	'00010',	5,	'1111111111',	34,	2),
(841,	'1',	'00010',	41,	'1111111111',	34,	1),
(840,	'1',	'00100',	6,	'1111111111',	34,	5),
(839,	'1',	'00100',	13,	'1111111111',	34,	4),
(838,	'1',	'00100',	3,	'1111111111',	34,	3),
(837,	'1',	'00100',	29,	'1111111111',	34,	2),
(836,	'1',	'00100',	8,	'1111111111',	34,	1),
(835,	'1',	'01000',	29,	'1111111111',	34,	5),
(834,	'1',	'01000',	28,	'1111111111',	34,	4),
(833,	'1',	'01000',	28,	'1111111111',	34,	3),
(832,	'1',	'01000',	22,	'1111111111',	34,	2),
(831,	'1',	'01000',	42,	'1111111111',	34,	1),
(830,	'1',	'10000',	29,	'1111111111',	34,	5),
(829,	'1',	'10000',	39,	'1111111111',	34,	4),
(828,	'1',	'10000',	28,	'1111111111',	34,	3),
(827,	'1',	'10000',	41,	'1111111111',	34,	2),
(826,	'1',	'10000',	34,	'1111111111',	34,	1),
(825,	'1',	'00001',	40,	'1111111111',	33,	5),
(824,	'1',	'00001',	43,	'1111111111',	33,	4),
(823,	'1',	'00001',	25,	'1111111111',	33,	3),
(822,	'1',	'00001',	11,	'1111111111',	33,	2),
(821,	'1',	'00001',	1,	'1111111111',	33,	1),
(820,	'1',	'00010',	25,	'1111111111',	33,	5),
(819,	'1',	'00010',	26,	'1111111111',	33,	4),
(818,	'1',	'00010',	38,	'1111111111',	33,	3),
(817,	'1',	'00010',	9,	'1111111111',	33,	2),
(816,	'1',	'00010',	14,	'1111111111',	33,	1),
(815,	'1',	'00100',	5,	'1111111111',	33,	5),
(814,	'1',	'00100',	39,	'1111111111',	33,	4),
(813,	'1',	'00100',	31,	'1111111111',	33,	3),
(812,	'1',	'00100',	0,	'1111111111',	33,	2),
(811,	'1',	'00100',	43,	'1111111111',	33,	1),
(810,	'1',	'01000',	28,	'1111111111',	33,	5),
(809,	'1',	'01000',	34,	'1111111111',	33,	4),
(808,	'1',	'01000',	7,	'1111111111',	33,	3),
(807,	'1',	'01000',	5,	'1111111111',	33,	2),
(806,	'1',	'01000',	38,	'1111111111',	33,	1),
(805,	'1',	'10000',	18,	'1111111111',	33,	5),
(804,	'1',	'10000',	22,	'1111111111',	33,	4),
(803,	'1',	'10000',	35,	'1111111111',	33,	3),
(802,	'1',	'10000',	26,	'1111111111',	33,	2),
(801,	'1',	'10000',	40,	'1111111111',	33,	1),
(800,	'1',	'00001',	40,	'1111111111',	32,	5),
(799,	'1',	'00001',	20,	'1111111111',	32,	4),
(798,	'1',	'00001',	24,	'1111111111',	32,	3),
(797,	'1',	'00001',	13,	'1111111111',	32,	2),
(796,	'1',	'00001',	26,	'1111111111',	32,	1),
(795,	'1',	'00010',	41,	'1111111111',	32,	5),
(794,	'1',	'00010',	19,	'1111111111',	32,	4),
(793,	'1',	'00010',	29,	'1111111111',	32,	3),
(792,	'1',	'00010',	8,	'1111111111',	32,	2),
(791,	'1',	'00010',	32,	'1111111111',	32,	1),
(790,	'1',	'00100',	5,	'1111111111',	32,	5),
(789,	'1',	'00100',	30,	'1111111111',	32,	4),
(788,	'1',	'00100',	38,	'1111111111',	32,	3),
(787,	'1',	'00100',	43,	'1111111111',	32,	2),
(786,	'1',	'00100',	21,	'1111111111',	32,	1),
(785,	'1',	'01000',	4,	'1111111111',	32,	5),
(784,	'1',	'01000',	5,	'1111111111',	32,	4),
(783,	'1',	'01000',	38,	'1111111111',	32,	3),
(782,	'1',	'01000',	11,	'1111111111',	32,	2),
(781,	'1',	'01000',	9,	'1111111111',	32,	1),
(780,	'1',	'10000',	14,	'1111111111',	32,	5),
(779,	'1',	'10000',	44,	'1111111111',	32,	4),
(778,	'1',	'10000',	20,	'1111111111',	32,	3),
(777,	'1',	'10000',	42,	'1111111111',	32,	2),
(776,	'1',	'10000',	7,	'1111111111',	32,	1),
(775,	'1',	'00001',	21,	'1111111111',	31,	5),
(774,	'1',	'00001',	20,	'1111111111',	31,	4),
(773,	'1',	'00001',	36,	'1111111111',	31,	3),
(772,	'1',	'00001',	38,	'1111111111',	31,	2),
(771,	'1',	'00001',	7,	'1111111111',	31,	1),
(770,	'1',	'00010',	10,	'1111111111',	31,	5),
(769,	'1',	'00010',	8,	'1111111111',	31,	4),
(768,	'1',	'00010',	37,	'1111111111',	31,	3),
(767,	'1',	'00010',	12,	'1111111111',	31,	2),
(766,	'1',	'00010',	41,	'1111111111',	31,	1),
(765,	'1',	'00100',	23,	'1111111111',	31,	5),
(764,	'1',	'00100',	35,	'1111111111',	31,	4),
(763,	'1',	'00100',	24,	'1111111111',	31,	3),
(762,	'1',	'00100',	30,	'1111111111',	31,	2),
(761,	'1',	'00100',	11,	'1111111111',	31,	1),
(760,	'1',	'01000',	34,	'1111111111',	31,	5),
(759,	'1',	'01000',	27,	'1111111111',	31,	4),
(758,	'1',	'01000',	43,	'1111111111',	31,	3),
(757,	'1',	'01000',	23,	'1111111111',	31,	2),
(756,	'1',	'01000',	32,	'1111111111',	31,	1),
(755,	'1',	'10000',	33,	'1111111111',	31,	5),
(754,	'1',	'10000',	36,	'1111111111',	31,	4),
(753,	'1',	'10000',	4,	'1111111111',	31,	3),
(752,	'1',	'10000',	11,	'1111111111',	31,	2),
(751,	'1',	'10000',	14,	'1111111111',	31,	1),
(750,	'1',	'00001',	27,	'1111111111',	30,	5),
(749,	'1',	'00001',	20,	'1111111111',	30,	4),
(748,	'1',	'00001',	3,	'1111111111',	30,	3),
(747,	'1',	'00001',	36,	'1111111111',	30,	2),
(746,	'1',	'00001',	44,	'1111111111',	30,	1),
(745,	'1',	'00010',	21,	'1111111111',	30,	5),
(744,	'1',	'00010',	28,	'1111111111',	30,	4),
(743,	'1',	'00010',	9,	'1111111111',	30,	3),
(742,	'1',	'00010',	3,	'1111111111',	30,	2),
(741,	'1',	'00010',	40,	'1111111111',	30,	1),
(740,	'1',	'00100',	38,	'1111111111',	30,	5),
(739,	'1',	'00100',	8,	'1111111111',	30,	4),
(738,	'1',	'00100',	14,	'1111111111',	30,	3),
(737,	'1',	'00100',	26,	'1111111111',	30,	2),
(736,	'1',	'00100',	37,	'1111111111',	30,	1),
(735,	'1',	'01000',	30,	'1111111111',	30,	5),
(734,	'1',	'01000',	29,	'1111111111',	30,	4),
(733,	'1',	'01000',	25,	'1111111111',	30,	3),
(732,	'1',	'01000',	16,	'1111111111',	30,	2),
(731,	'1',	'01000',	14,	'1111111111',	30,	1),
(730,	'1',	'10000',	2,	'1111111111',	30,	5),
(729,	'1',	'10000',	23,	'1111111111',	30,	4),
(728,	'1',	'10000',	9,	'1111111111',	30,	3),
(727,	'1',	'10000',	23,	'1111111111',	30,	2),
(726,	'1',	'10000',	1,	'1111111111',	30,	1),
(725,	'1',	'00001',	27,	'1111111111',	29,	5),
(724,	'1',	'00001',	39,	'1111111111',	29,	4),
(723,	'1',	'00001',	43,	'1111111111',	29,	3),
(722,	'1',	'00001',	8,	'1111111111',	29,	2),
(721,	'1',	'00001',	36,	'1111111111',	29,	1),
(720,	'1',	'00010',	2,	'1111111111',	29,	5),
(719,	'1',	'00010',	34,	'1111111111',	29,	4),
(718,	'1',	'00010',	8,	'1111111111',	29,	3),
(717,	'1',	'00010',	29,	'1111111111',	29,	2),
(716,	'1',	'00010',	10,	'1111111111',	29,	1),
(715,	'1',	'00100',	19,	'1111111111',	29,	5),
(714,	'1',	'00100',	24,	'1111111111',	29,	4),
(713,	'1',	'00100',	35,	'1111111111',	29,	3),
(712,	'1',	'00100',	21,	'1111111111',	29,	2),
(711,	'1',	'00100',	21,	'1111111111',	29,	1),
(710,	'1',	'01000',	30,	'1111111111',	29,	5),
(709,	'1',	'01000',	28,	'1111111111',	29,	4),
(708,	'1',	'01000',	21,	'1111111111',	29,	3),
(707,	'1',	'01000',	30,	'1111111111',	29,	2),
(706,	'1',	'01000',	37,	'1111111111',	29,	1),
(705,	'1',	'10000',	34,	'1111111111',	29,	5),
(704,	'1',	'10000',	29,	'1111111111',	29,	4),
(703,	'1',	'10000',	28,	'1111111111',	29,	3),
(702,	'1',	'10000',	38,	'1111111111',	29,	2),
(701,	'1',	'10000',	0,	'1111111111',	29,	1),
(700,	'1',	'00001',	36,	'1111111111',	28,	5),
(699,	'1',	'00001',	42,	'1111111111',	28,	4),
(698,	'1',	'00001',	31,	'1111111111',	28,	3),
(697,	'1',	'00001',	23,	'1111111111',	28,	2),
(696,	'1',	'00001',	17,	'1111111111',	28,	1),
(695,	'1',	'00010',	16,	'1111111111',	28,	5),
(694,	'1',	'00010',	34,	'1111111111',	28,	4),
(693,	'1',	'00010',	1,	'1111111111',	28,	3),
(692,	'1',	'00010',	1,	'1111111111',	28,	2),
(691,	'1',	'00010',	5,	'1111111111',	28,	1),
(690,	'1',	'00100',	8,	'1111111111',	28,	5),
(689,	'1',	'00100',	39,	'1111111111',	28,	4),
(688,	'1',	'00100',	33,	'1111111111',	28,	3),
(687,	'1',	'00100',	41,	'1111111111',	28,	2),
(686,	'1',	'00100',	19,	'1111111111',	28,	1),
(685,	'1',	'01000',	25,	'1111111111',	28,	5),
(684,	'1',	'01000',	14,	'1111111111',	28,	4),
(683,	'1',	'01000',	11,	'1111111111',	28,	3),
(682,	'1',	'01000',	2,	'1111111111',	28,	2),
(681,	'1',	'01000',	31,	'1111111111',	28,	1),
(680,	'1',	'10000',	37,	'1111111111',	28,	5),
(679,	'1',	'10000',	0,	'1111111111',	28,	4),
(678,	'1',	'10000',	26,	'1111111111',	28,	3),
(677,	'1',	'10000',	44,	'1111111111',	28,	2),
(676,	'1',	'10000',	22,	'1111111111',	28,	1),
(675,	'1',	'00001',	0,	'1111111111',	27,	5),
(674,	'1',	'00001',	6,	'1111111111',	27,	4),
(673,	'1',	'00001',	39,	'1111111111',	27,	3),
(672,	'1',	'00001',	43,	'1111111111',	27,	2),
(671,	'1',	'00001',	3,	'1111111111',	27,	1),
(670,	'1',	'00010',	2,	'1111111111',	27,	5),
(669,	'1',	'00010',	0,	'1111111111',	27,	4),
(668,	'1',	'00010',	13,	'1111111111',	27,	3),
(667,	'1',	'00010',	31,	'1111111111',	27,	2),
(666,	'1',	'00010',	11,	'1111111111',	27,	1),
(665,	'1',	'00100',	3,	'1111111111',	27,	5),
(664,	'1',	'00100',	30,	'1111111111',	27,	4),
(663,	'1',	'00100',	13,	'1111111111',	27,	3),
(662,	'1',	'00100',	44,	'1111111111',	27,	2),
(661,	'1',	'00100',	23,	'1111111111',	27,	1),
(660,	'1',	'01000',	36,	'1111111111',	27,	5),
(659,	'1',	'01000',	34,	'1111111111',	27,	4),
(658,	'1',	'01000',	21,	'1111111111',	27,	3),
(657,	'1',	'01000',	9,	'1111111111',	27,	2),
(656,	'1',	'01000',	43,	'1111111111',	27,	1),
(655,	'1',	'10000',	24,	'1111111111',	27,	5),
(654,	'1',	'10000',	40,	'1111111111',	27,	4),
(653,	'1',	'10000',	18,	'1111111111',	27,	3),
(652,	'1',	'10000',	10,	'1111111111',	27,	2),
(651,	'1',	'10000',	18,	'1111111111',	27,	1),
(650,	'1',	'00001',	9,	'1111111111',	26,	5),
(649,	'1',	'00001',	25,	'1111111111',	26,	4),
(648,	'1',	'00001',	37,	'1111111111',	26,	3),
(647,	'1',	'00001',	3,	'1111111111',	26,	2),
(646,	'1',	'00001',	31,	'1111111111',	26,	1),
(645,	'1',	'00010',	32,	'1111111111',	26,	5),
(644,	'1',	'00010',	19,	'1111111111',	26,	4),
(643,	'1',	'00010',	31,	'1111111111',	26,	3),
(642,	'1',	'00010',	32,	'1111111111',	26,	2),
(641,	'1',	'00010',	10,	'1111111111',	26,	1),
(640,	'1',	'00100',	19,	'1111111111',	26,	5),
(639,	'1',	'00100',	24,	'1111111111',	26,	4),
(638,	'1',	'00100',	9,	'1111111111',	26,	3),
(637,	'1',	'00100',	18,	'1111111111',	26,	2),
(636,	'1',	'00100',	31,	'1111111111',	26,	1),
(635,	'1',	'01000',	22,	'1111111111',	26,	5),
(634,	'1',	'01000',	44,	'1111111111',	26,	4),
(633,	'1',	'01000',	20,	'1111111111',	26,	3),
(632,	'1',	'01000',	0,	'1111111111',	26,	2),
(631,	'1',	'01000',	0,	'1111111111',	26,	1),
(630,	'1',	'10000',	37,	'1111111111',	26,	5),
(629,	'1',	'10000',	10,	'1111111111',	26,	4),
(628,	'1',	'10000',	32,	'1111111111',	26,	3),
(627,	'1',	'10000',	4,	'1111111111',	26,	2),
(626,	'1',	'10000',	4,	'1111111111',	26,	1),
(625,	'1',	'00001',	18,	'1111111111',	25,	5),
(624,	'1',	'00001',	5,	'1111111111',	25,	4),
(623,	'1',	'00001',	8,	'1111111111',	25,	3),
(622,	'1',	'00001',	42,	'1111111111',	25,	2),
(621,	'1',	'00001',	9,	'1111111111',	25,	1),
(620,	'1',	'00010',	2,	'1111111111',	25,	5),
(619,	'1',	'00010',	2,	'1111111111',	25,	4),
(618,	'1',	'00010',	40,	'1111111111',	25,	3),
(617,	'1',	'00010',	14,	'1111111111',	25,	2),
(616,	'1',	'00010',	8,	'1111111111',	25,	1),
(615,	'1',	'00100',	44,	'1111111111',	25,	5),
(614,	'1',	'00100',	16,	'1111111111',	25,	4),
(613,	'1',	'00100',	7,	'1111111111',	25,	3),
(612,	'1',	'00100',	26,	'1111111111',	25,	2),
(611,	'1',	'00100',	24,	'1111111111',	25,	1),
(610,	'1',	'01000',	35,	'1111111111',	25,	5),
(609,	'1',	'01000',	16,	'1111111111',	25,	4),
(608,	'1',	'01000',	2,	'1111111111',	25,	3),
(607,	'1',	'01000',	44,	'1111111111',	25,	2),
(606,	'1',	'01000',	38,	'1111111111',	25,	1),
(605,	'1',	'10000',	41,	'1111111111',	25,	5),
(604,	'1',	'10000',	21,	'1111111111',	25,	4),
(603,	'1',	'10000',	1,	'1111111111',	25,	3),
(602,	'1',	'10000',	41,	'1111111111',	25,	2),
(601,	'1',	'10000',	4,	'1111111111',	25,	1),
(600,	'1',	'00001',	23,	'1111111111',	24,	5),
(599,	'1',	'00001',	16,	'1111111111',	24,	4),
(598,	'1',	'00001',	44,	'1111111111',	24,	3),
(597,	'1',	'00001',	9,	'1111111111',	24,	2),
(596,	'1',	'00001',	24,	'1111111111',	24,	1),
(595,	'1',	'00010',	40,	'1111111111',	24,	5),
(594,	'1',	'00010',	44,	'1111111111',	24,	4),
(593,	'1',	'00010',	16,	'1111111111',	24,	3),
(592,	'1',	'00010',	2,	'1111111111',	24,	2),
(591,	'1',	'00010',	12,	'1111111111',	24,	1),
(590,	'1',	'00100',	2,	'1111111111',	24,	5),
(589,	'1',	'00100',	39,	'1111111111',	24,	4),
(588,	'1',	'00100',	22,	'1111111111',	24,	3),
(587,	'1',	'00100',	2,	'1111111111',	24,	2),
(586,	'1',	'00100',	35,	'1111111111',	24,	1),
(585,	'1',	'01000',	15,	'1111111111',	24,	5),
(584,	'1',	'01000',	25,	'1111111111',	24,	4),
(583,	'1',	'01000',	33,	'1111111111',	24,	3),
(582,	'1',	'01000',	37,	'1111111111',	24,	2),
(581,	'1',	'01000',	4,	'1111111111',	24,	1),
(580,	'1',	'10000',	30,	'1111111111',	24,	5),
(579,	'1',	'10000',	24,	'1111111111',	24,	4),
(578,	'1',	'10000',	3,	'1111111111',	24,	3),
(577,	'1',	'10000',	42,	'1111111111',	24,	2),
(576,	'1',	'10000',	25,	'1111111111',	24,	1),
(575,	'1',	'00001',	38,	'1111111111',	23,	5),
(574,	'1',	'00001',	41,	'1111111111',	23,	4),
(573,	'1',	'00001',	41,	'1111111111',	23,	3),
(572,	'1',	'00001',	35,	'1111111111',	23,	2),
(571,	'1',	'00001',	27,	'1111111111',	23,	1),
(570,	'1',	'00010',	3,	'1111111111',	23,	5),
(569,	'1',	'00010',	41,	'1111111111',	23,	4),
(568,	'1',	'00010',	41,	'1111111111',	23,	3),
(567,	'1',	'00010',	36,	'1111111111',	23,	2),
(566,	'1',	'00010',	20,	'1111111111',	23,	1),
(565,	'1',	'00100',	37,	'1111111111',	23,	5),
(564,	'1',	'00100',	0,	'1111111111',	23,	4),
(563,	'1',	'00100',	37,	'1111111111',	23,	3),
(562,	'1',	'00100',	40,	'1111111111',	23,	2),
(561,	'1',	'00100',	36,	'1111111111',	23,	1),
(560,	'1',	'01000',	38,	'1111111111',	23,	5),
(559,	'1',	'01000',	8,	'1111111111',	23,	4),
(558,	'1',	'01000',	37,	'1111111111',	23,	3),
(557,	'1',	'01000',	20,	'1111111111',	23,	2),
(556,	'1',	'01000',	19,	'1111111111',	23,	1),
(555,	'1',	'10000',	41,	'1111111111',	23,	5),
(554,	'1',	'10000',	41,	'1111111111',	23,	4),
(553,	'1',	'10000',	41,	'1111111111',	23,	3),
(552,	'1',	'10000',	19,	'1111111111',	23,	2),
(551,	'1',	'10000',	21,	'1111111111',	23,	1),
(550,	'1',	'00001',	8,	'1111111111',	22,	5),
(549,	'1',	'00001',	39,	'1111111111',	22,	4),
(548,	'1',	'00001',	15,	'1111111111',	22,	3),
(547,	'1',	'00001',	37,	'1111111111',	22,	2),
(546,	'1',	'00001',	13,	'1111111111',	22,	1),
(545,	'1',	'00010',	33,	'1111111111',	22,	5),
(544,	'1',	'00010',	26,	'1111111111',	22,	4),
(543,	'1',	'00010',	43,	'1111111111',	22,	3),
(542,	'1',	'00010',	9,	'1111111111',	22,	2),
(541,	'1',	'00010',	18,	'1111111111',	22,	1),
(540,	'1',	'00100',	44,	'1111111111',	22,	5),
(539,	'1',	'00100',	13,	'1111111111',	22,	4),
(538,	'1',	'00100',	39,	'1111111111',	22,	3),
(537,	'1',	'00100',	20,	'1111111111',	22,	2),
(536,	'1',	'00100',	29,	'1111111111',	22,	1),
(535,	'1',	'01000',	24,	'1111111111',	22,	5),
(534,	'1',	'01000',	41,	'1111111111',	22,	4),
(533,	'1',	'01000',	11,	'1111111111',	22,	3),
(532,	'1',	'01000',	33,	'1111111111',	22,	2),
(531,	'1',	'01000',	29,	'1111111111',	22,	1),
(530,	'1',	'10000',	35,	'1111111111',	22,	5),
(529,	'1',	'10000',	27,	'1111111111',	22,	4),
(528,	'1',	'10000',	16,	'1111111111',	22,	3),
(527,	'1',	'10000',	39,	'1111111111',	22,	2),
(526,	'1',	'10000',	41,	'1111111111',	22,	1),
(525,	'1',	'00001',	20,	'1111111111',	21,	5),
(524,	'1',	'00001',	39,	'1111111111',	21,	4),
(523,	'1',	'00001',	9,	'1111111111',	21,	3),
(522,	'1',	'00001',	18,	'1111111111',	21,	2),
(521,	'1',	'00001',	29,	'1111111111',	21,	1),
(520,	'1',	'00010',	24,	'1111111111',	21,	5),
(519,	'1',	'00010',	8,	'1111111111',	21,	4),
(518,	'1',	'00010',	13,	'1111111111',	21,	3),
(517,	'1',	'00010',	40,	'1111111111',	21,	2),
(516,	'1',	'00010',	35,	'1111111111',	21,	1),
(515,	'1',	'00100',	37,	'1111111111',	21,	5),
(514,	'1',	'00100',	2,	'1111111111',	21,	4),
(513,	'1',	'00100',	21,	'1111111111',	21,	3),
(512,	'1',	'00100',	15,	'1111111111',	21,	2),
(511,	'1',	'00100',	3,	'1111111111',	21,	1),
(510,	'1',	'01000',	27,	'1111111111',	21,	5),
(509,	'1',	'01000',	15,	'1111111111',	21,	4),
(508,	'1',	'01000',	30,	'1111111111',	21,	3),
(507,	'1',	'01000',	30,	'1111111111',	21,	2),
(506,	'1',	'01000',	25,	'1111111111',	21,	1),
(505,	'1',	'10000',	12,	'1111111111',	21,	5),
(504,	'1',	'10000',	5,	'1111111111',	21,	4),
(503,	'1',	'10000',	17,	'1111111111',	21,	3),
(502,	'1',	'10000',	33,	'1111111111',	21,	2),
(501,	'1',	'10000',	30,	'1111111111',	21,	1),
(500,	'1',	'00001',	30,	'1111111111',	20,	5),
(499,	'1',	'00001',	18,	'1111111111',	20,	4),
(498,	'1',	'00001',	0,	'1111111111',	20,	3),
(497,	'1',	'00001',	44,	'1111111111',	20,	2),
(496,	'1',	'00001',	25,	'1111111111',	20,	1),
(495,	'1',	'00010',	23,	'1111111111',	20,	5),
(494,	'1',	'00010',	2,	'1111111111',	20,	4),
(493,	'1',	'00010',	40,	'1111111111',	20,	3),
(492,	'1',	'00010',	29,	'1111111111',	20,	2),
(491,	'1',	'00010',	42,	'1111111111',	20,	1),
(490,	'1',	'00100',	26,	'1111111111',	20,	5),
(489,	'1',	'00100',	29,	'1111111111',	20,	4),
(488,	'1',	'00100',	7,	'1111111111',	20,	3),
(487,	'1',	'00100',	30,	'1111111111',	20,	2),
(486,	'1',	'00100',	23,	'1111111111',	20,	1),
(485,	'1',	'01000',	21,	'1111111111',	20,	5),
(484,	'1',	'01000',	19,	'1111111111',	20,	4),
(483,	'1',	'01000',	30,	'1111111111',	20,	3),
(482,	'1',	'01000',	13,	'1111111111',	20,	2),
(481,	'1',	'01000',	33,	'1111111111',	20,	1),
(480,	'1',	'10000',	27,	'1111111111',	20,	5),
(479,	'1',	'10000',	27,	'1111111111',	20,	4),
(478,	'1',	'10000',	20,	'1111111111',	20,	3),
(477,	'1',	'10000',	3,	'1111111111',	20,	2),
(476,	'1',	'10000',	28,	'1111111111',	20,	1),
(475,	'1',	'00001',	5,	'1111111111',	19,	5),
(474,	'1',	'00001',	6,	'1111111111',	19,	4),
(473,	'1',	'00001',	1,	'1111111111',	19,	3),
(472,	'1',	'00001',	23,	'1111111111',	19,	2),
(471,	'1',	'00001',	2,	'1111111111',	19,	1),
(470,	'1',	'00010',	14,	'1111111111',	19,	5),
(469,	'1',	'00010',	4,	'1111111111',	19,	4),
(468,	'1',	'00010',	40,	'1111111111',	19,	3),
(467,	'1',	'00010',	8,	'1111111111',	19,	2),
(466,	'1',	'00010',	30,	'1111111111',	19,	1),
(465,	'1',	'00100',	31,	'1111111111',	19,	5),
(464,	'1',	'00100',	36,	'1111111111',	19,	4),
(463,	'1',	'00100',	26,	'1111111111',	19,	3),
(462,	'1',	'00100',	38,	'1111111111',	19,	2),
(461,	'1',	'00100',	7,	'1111111111',	19,	1),
(460,	'1',	'01000',	17,	'1111111111',	19,	5),
(459,	'1',	'01000',	27,	'1111111111',	19,	4),
(458,	'1',	'01000',	12,	'1111111111',	19,	3),
(457,	'1',	'01000',	32,	'1111111111',	19,	2),
(456,	'1',	'01000',	28,	'1111111111',	19,	1),
(455,	'1',	'10000',	43,	'1111111111',	19,	5),
(454,	'1',	'10000',	37,	'1111111111',	19,	4),
(453,	'1',	'10000',	28,	'1111111111',	19,	3),
(452,	'1',	'10000',	13,	'1111111111',	19,	2),
(451,	'1',	'10000',	13,	'1111111111',	19,	1),
(450,	'1',	'00001',	40,	'1111111111',	18,	5),
(449,	'1',	'00001',	35,	'1111111111',	18,	4),
(448,	'1',	'00001',	5,	'1111111111',	18,	3),
(447,	'1',	'00001',	18,	'1111111111',	18,	2),
(446,	'1',	'00001',	34,	'1111111111',	18,	1),
(445,	'1',	'00010',	22,	'1111111111',	18,	5),
(444,	'1',	'00010',	20,	'1111111111',	18,	4),
(443,	'1',	'00010',	28,	'1111111111',	18,	3),
(442,	'1',	'00010',	39,	'1111111111',	18,	2),
(441,	'1',	'00010',	0,	'1111111111',	18,	1),
(440,	'1',	'00100',	29,	'1111111111',	18,	5),
(439,	'1',	'00100',	37,	'1111111111',	18,	4),
(438,	'1',	'00100',	22,	'1111111111',	18,	3),
(437,	'1',	'00100',	3,	'1111111111',	18,	2),
(436,	'1',	'00100',	43,	'1111111111',	18,	1),
(435,	'1',	'01000',	3,	'1111111111',	18,	5),
(434,	'1',	'01000',	30,	'1111111111',	18,	4),
(433,	'1',	'01000',	12,	'1111111111',	18,	3),
(432,	'1',	'01000',	6,	'1111111111',	18,	2),
(431,	'1',	'01000',	6,	'1111111111',	18,	1),
(430,	'1',	'10000',	23,	'1111111111',	18,	5),
(429,	'1',	'10000',	18,	'1111111111',	18,	4),
(428,	'1',	'10000',	22,	'1111111111',	18,	3),
(427,	'1',	'10000',	3,	'1111111111',	18,	2),
(426,	'1',	'10000',	43,	'1111111111',	18,	1),
(425,	'1',	'00001',	14,	'1111111111',	17,	5),
(424,	'1',	'00001',	41,	'1111111111',	17,	4),
(423,	'1',	'00001',	13,	'1111111111',	17,	3),
(422,	'1',	'00001',	26,	'1111111111',	17,	2),
(421,	'1',	'00001',	9,	'1111111111',	17,	1),
(420,	'1',	'00010',	15,	'1111111111',	17,	5),
(419,	'1',	'00010',	4,	'1111111111',	17,	4),
(418,	'1',	'00010',	16,	'1111111111',	17,	3),
(417,	'1',	'00010',	16,	'1111111111',	17,	2),
(416,	'1',	'00010',	11,	'1111111111',	17,	1),
(415,	'1',	'00100',	39,	'1111111111',	17,	5),
(414,	'1',	'00100',	37,	'1111111111',	17,	4),
(413,	'1',	'00100',	23,	'1111111111',	17,	3),
(412,	'1',	'00100',	42,	'1111111111',	17,	2),
(411,	'1',	'00100',	4,	'1111111111',	17,	1),
(410,	'1',	'01000',	12,	'1111111111',	17,	5),
(409,	'1',	'01000',	15,	'1111111111',	17,	4),
(408,	'1',	'01000',	0,	'1111111111',	17,	3),
(407,	'1',	'01000',	34,	'1111111111',	17,	2),
(406,	'1',	'01000',	21,	'1111111111',	17,	1),
(405,	'1',	'10000',	13,	'1111111111',	17,	5),
(404,	'1',	'10000',	7,	'1111111111',	17,	4),
(403,	'1',	'10000',	43,	'1111111111',	17,	3),
(402,	'1',	'10000',	22,	'1111111111',	17,	2),
(401,	'1',	'10000',	32,	'1111111111',	17,	1),
(400,	'1',	'00001',	18,	'1111111111',	16,	5),
(399,	'1',	'00001',	40,	'1111111111',	16,	4),
(398,	'1',	'00001',	33,	'1111111111',	16,	3),
(397,	'1',	'00001',	39,	'1111111111',	16,	2),
(396,	'1',	'00001',	36,	'1111111111',	16,	1),
(395,	'1',	'00010',	28,	'1111111111',	16,	5),
(394,	'1',	'00010',	21,	'1111111111',	16,	4),
(393,	'1',	'00010',	27,	'1111111111',	16,	3),
(392,	'1',	'00010',	11,	'1111111111',	16,	2),
(391,	'1',	'00010',	29,	'1111111111',	16,	1),
(390,	'1',	'00100',	28,	'1111111111',	16,	5),
(389,	'1',	'00100',	15,	'1111111111',	16,	4),
(388,	'1',	'00100',	39,	'1111111111',	16,	3),
(387,	'1',	'00100',	1,	'1111111111',	16,	2),
(386,	'1',	'00100',	7,	'1111111111',	16,	1),
(385,	'1',	'01000',	6,	'1111111111',	16,	5),
(384,	'1',	'01000',	10,	'1111111111',	16,	4),
(383,	'1',	'01000',	16,	'1111111111',	16,	3),
(382,	'1',	'01000',	32,	'1111111111',	16,	2),
(381,	'1',	'01000',	43,	'1111111111',	16,	1),
(380,	'1',	'10000',	44,	'1111111111',	16,	5),
(379,	'1',	'10000',	12,	'1111111111',	16,	4),
(378,	'1',	'10000',	29,	'1111111111',	16,	3),
(377,	'1',	'10000',	36,	'1111111111',	16,	2),
(376,	'1',	'10000',	26,	'1111111111',	16,	1),
(375,	'1',	'00001',	37,	'1111111111',	15,	5),
(374,	'1',	'00001',	28,	'1111111111',	15,	4),
(373,	'1',	'00001',	12,	'1111111111',	15,	3),
(372,	'1',	'00001',	31,	'1111111111',	15,	2),
(371,	'1',	'00001',	38,	'1111111111',	15,	1),
(370,	'1',	'00010',	42,	'1111111111',	15,	5),
(369,	'1',	'00010',	37,	'1111111111',	15,	4),
(368,	'1',	'00010',	30,	'1111111111',	15,	3),
(367,	'1',	'00010',	42,	'1111111111',	15,	2),
(366,	'1',	'00010',	19,	'1111111111',	15,	1),
(365,	'1',	'00100',	4,	'1111111111',	15,	5),
(364,	'1',	'00100',	5,	'1111111111',	15,	4),
(363,	'1',	'00100',	5,	'1111111111',	15,	3),
(362,	'1',	'00100',	31,	'1111111111',	15,	2),
(361,	'1',	'00100',	44,	'1111111111',	15,	1),
(360,	'1',	'01000',	38,	'1111111111',	15,	5),
(359,	'1',	'01000',	12,	'1111111111',	15,	4),
(358,	'1',	'01000',	8,	'1111111111',	15,	3),
(357,	'1',	'01000',	25,	'1111111111',	15,	2),
(356,	'1',	'01000',	14,	'1111111111',	15,	1),
(355,	'1',	'10000',	15,	'1111111111',	15,	5),
(354,	'1',	'10000',	39,	'1111111111',	15,	4),
(353,	'1',	'10000',	16,	'1111111111',	15,	3),
(352,	'1',	'10000',	41,	'1111111111',	15,	2),
(351,	'1',	'10000',	40,	'1111111111',	15,	1),
(350,	'1',	'00001',	37,	'1111111111',	14,	5),
(349,	'1',	'00001',	36,	'1111111111',	14,	4),
(348,	'1',	'00001',	32,	'1111111111',	14,	3),
(347,	'1',	'00001',	31,	'1111111111',	14,	2),
(346,	'1',	'00001',	24,	'1111111111',	14,	1),
(345,	'1',	'00010',	19,	'1111111111',	14,	5),
(344,	'1',	'00010',	25,	'1111111111',	14,	4),
(343,	'1',	'00010',	26,	'1111111111',	14,	3),
(342,	'1',	'00010',	21,	'1111111111',	14,	2),
(341,	'1',	'00010',	18,	'1111111111',	14,	1),
(340,	'1',	'00100',	13,	'1111111111',	14,	5),
(339,	'1',	'00100',	20,	'1111111111',	14,	4),
(338,	'1',	'00100',	8,	'1111111111',	14,	3),
(337,	'1',	'00100',	4,	'1111111111',	14,	2),
(336,	'1',	'00100',	18,	'1111111111',	14,	1),
(335,	'1',	'01000',	7,	'1111111111',	14,	5),
(334,	'1',	'01000',	32,	'1111111111',	14,	4),
(333,	'1',	'01000',	10,	'1111111111',	14,	3),
(332,	'1',	'01000',	18,	'1111111111',	14,	2),
(331,	'1',	'01000',	9,	'1111111111',	14,	1),
(330,	'1',	'10000',	1,	'1111111111',	14,	5),
(329,	'1',	'10000',	40,	'1111111111',	14,	4),
(328,	'1',	'10000',	37,	'1111111111',	14,	3),
(327,	'1',	'10000',	38,	'1111111111',	14,	2),
(326,	'1',	'10000',	9,	'1111111111',	14,	1),
(325,	'1',	'00001',	31,	'1111111111',	13,	5),
(324,	'1',	'00001',	14,	'1111111111',	13,	4),
(323,	'1',	'00001',	17,	'1111111111',	13,	3),
(322,	'1',	'00001',	41,	'1111111111',	13,	2),
(321,	'1',	'00001',	43,	'1111111111',	13,	1),
(320,	'1',	'00010',	21,	'1111111111',	13,	5),
(319,	'1',	'00010',	18,	'1111111111',	13,	4),
(318,	'1',	'00010',	19,	'1111111111',	13,	3),
(317,	'1',	'00010',	18,	'1111111111',	13,	2),
(316,	'1',	'00010',	13,	'1111111111',	13,	1),
(315,	'1',	'00100',	18,	'1111111111',	13,	5),
(314,	'1',	'00100',	13,	'1111111111',	13,	4),
(313,	'1',	'00100',	6,	'1111111111',	13,	3),
(312,	'1',	'00100',	26,	'1111111111',	13,	2),
(311,	'1',	'00100',	20,	'1111111111',	13,	1),
(310,	'1',	'01000',	37,	'1111111111',	13,	5),
(309,	'1',	'01000',	40,	'1111111111',	13,	4),
(308,	'1',	'01000',	2,	'1111111111',	13,	3),
(307,	'1',	'01000',	24,	'1111111111',	13,	2),
(306,	'1',	'01000',	26,	'1111111111',	13,	1),
(305,	'1',	'10000',	22,	'1111111111',	13,	5),
(304,	'1',	'10000',	15,	'1111111111',	13,	4),
(303,	'1',	'10000',	39,	'1111111111',	13,	3),
(302,	'1',	'10000',	28,	'1111111111',	13,	2),
(301,	'1',	'10000',	27,	'1111111111',	13,	1),
(300,	'1',	'00001',	39,	'1111111111',	12,	5),
(299,	'1',	'00001',	31,	'1111111111',	12,	4),
(298,	'1',	'00001',	5,	'1111111111',	12,	3),
(297,	'1',	'00001',	5,	'1111111111',	12,	2),
(296,	'1',	'00001',	7,	'1111111111',	12,	1),
(295,	'1',	'00010',	18,	'1111111111',	12,	5),
(294,	'1',	'00010',	0,	'1111111111',	12,	4),
(293,	'1',	'00010',	33,	'1111111111',	12,	3),
(292,	'1',	'00010',	28,	'1111111111',	12,	2),
(291,	'1',	'00010',	4,	'1111111111',	12,	1),
(290,	'1',	'00100',	4,	'1111111111',	12,	5),
(289,	'1',	'00100',	1,	'1111111111',	12,	4),
(288,	'1',	'00100',	14,	'1111111111',	12,	3),
(287,	'1',	'00100',	10,	'1111111111',	12,	2),
(286,	'1',	'00100',	2,	'1111111111',	12,	1),
(285,	'1',	'01000',	22,	'1111111111',	12,	5),
(284,	'1',	'01000',	34,	'1111111111',	12,	4),
(283,	'1',	'01000',	37,	'1111111111',	12,	3),
(282,	'1',	'01000',	4,	'1111111111',	12,	2),
(281,	'1',	'01000',	36,	'1111111111',	12,	1),
(280,	'1',	'10000',	5,	'1111111111',	12,	5),
(279,	'1',	'10000',	2,	'1111111111',	12,	4),
(278,	'1',	'10000',	17,	'1111111111',	12,	3),
(277,	'1',	'10000',	35,	'1111111111',	12,	2),
(276,	'1',	'10000',	11,	'1111111111',	12,	1),
(275,	'1',	'00001',	21,	'1111111111',	11,	5),
(274,	'1',	'00001',	35,	'1111111111',	11,	4),
(273,	'1',	'00001',	4,	'1111111111',	11,	3),
(272,	'1',	'00001',	0,	'1111111111',	11,	2),
(271,	'1',	'00001',	40,	'1111111111',	11,	1),
(270,	'1',	'00010',	16,	'1111111111',	11,	5),
(269,	'1',	'00010',	22,	'1111111111',	11,	4),
(268,	'1',	'00010',	39,	'1111111111',	11,	3),
(267,	'1',	'00010',	44,	'1111111111',	11,	2),
(266,	'1',	'00010',	31,	'1111111111',	11,	1),
(265,	'1',	'00100',	22,	'1111111111',	11,	5),
(264,	'1',	'00100',	12,	'1111111111',	11,	4),
(263,	'1',	'00100',	2,	'1111111111',	11,	3),
(262,	'1',	'00100',	39,	'1111111111',	11,	2),
(261,	'1',	'00100',	13,	'1111111111',	11,	1),
(260,	'1',	'01000',	42,	'1111111111',	11,	5),
(259,	'1',	'01000',	28,	'1111111111',	11,	4),
(258,	'1',	'01000',	27,	'1111111111',	11,	3),
(257,	'1',	'01000',	6,	'1111111111',	11,	2),
(256,	'1',	'01000',	25,	'1111111111',	11,	1),
(255,	'1',	'10000',	25,	'1111111111',	11,	5),
(254,	'1',	'10000',	6,	'1111111111',	11,	4),
(253,	'1',	'10000',	22,	'1111111111',	11,	3),
(252,	'1',	'10000',	16,	'1111111111',	11,	2),
(251,	'1',	'10000',	20,	'1111111111',	11,	1),
(250,	'1',	'00001',	6,	'1111111111',	10,	5),
(249,	'1',	'00001',	33,	'1111111111',	10,	4),
(248,	'1',	'00001',	38,	'1111111111',	10,	3),
(247,	'1',	'00001',	21,	'1111111111',	10,	2),
(246,	'1',	'00001',	24,	'1111111111',	10,	1),
(245,	'1',	'00010',	15,	'1111111111',	10,	5),
(244,	'1',	'00010',	19,	'1111111111',	10,	4),
(243,	'1',	'00010',	42,	'1111111111',	10,	3),
(242,	'1',	'00010',	33,	'1111111111',	10,	2),
(241,	'1',	'00010',	34,	'1111111111',	10,	1),
(240,	'1',	'00100',	36,	'1111111111',	10,	5),
(239,	'1',	'00100',	25,	'1111111111',	10,	4),
(238,	'1',	'00100',	24,	'1111111111',	10,	3),
(237,	'1',	'00100',	8,	'1111111111',	10,	2),
(236,	'1',	'00100',	43,	'1111111111',	10,	1),
(235,	'1',	'01000',	28,	'1111111111',	10,	5),
(234,	'1',	'01000',	44,	'1111111111',	10,	4),
(233,	'1',	'01000',	31,	'1111111111',	10,	3),
(232,	'1',	'01000',	42,	'1111111111',	10,	2),
(231,	'1',	'01000',	39,	'1111111111',	10,	1),
(230,	'1',	'10000',	34,	'1111111111',	10,	5),
(229,	'1',	'10000',	7,	'1111111111',	10,	4),
(228,	'1',	'10000',	41,	'1111111111',	10,	3),
(227,	'1',	'10000',	16,	'1111111111',	10,	2),
(226,	'1',	'10000',	17,	'1111111111',	10,	1),
(225,	'1',	'00001',	7,	'1111111111',	9,	5),
(224,	'1',	'00001',	44,	'1111111111',	9,	4),
(223,	'1',	'00001',	10,	'1111111111',	9,	3),
(222,	'1',	'00001',	31,	'1111111111',	9,	2),
(221,	'1',	'00001',	27,	'1111111111',	9,	1),
(220,	'1',	'00010',	36,	'1111111111',	9,	5),
(219,	'1',	'00010',	4,	'1111111111',	9,	4),
(218,	'1',	'00010',	24,	'1111111111',	9,	3),
(217,	'1',	'00010',	41,	'1111111111',	9,	2),
(216,	'1',	'00010',	8,	'1111111111',	9,	1),
(215,	'1',	'00100',	30,	'1111111111',	9,	5),
(214,	'1',	'00100',	27,	'1111111111',	9,	4),
(213,	'1',	'00100',	39,	'1111111111',	9,	3),
(212,	'1',	'00100',	2,	'1111111111',	9,	2),
(211,	'1',	'00100',	28,	'1111111111',	9,	1),
(210,	'1',	'01000',	8,	'1111111111',	9,	5),
(209,	'1',	'01000',	39,	'1111111111',	9,	4),
(208,	'1',	'01000',	31,	'1111111111',	9,	3),
(207,	'1',	'01000',	36,	'1111111111',	9,	2),
(206,	'1',	'01000',	41,	'1111111111',	9,	1),
(205,	'1',	'10000',	18,	'1111111111',	9,	5),
(204,	'1',	'10000',	4,	'1111111111',	9,	4),
(203,	'1',	'10000',	6,	'1111111111',	9,	3),
(202,	'1',	'10000',	17,	'1111111111',	9,	2),
(201,	'1',	'10000',	33,	'1111111111',	9,	1),
(200,	'1',	'00001',	36,	'1111111111',	8,	5),
(199,	'1',	'00001',	18,	'1111111111',	8,	4),
(198,	'1',	'00001',	2,	'1111111111',	8,	3),
(197,	'1',	'00001',	4,	'1111111111',	8,	2),
(196,	'1',	'00001',	39,	'1111111111',	8,	1),
(195,	'1',	'00010',	13,	'1111111111',	8,	5),
(194,	'1',	'00010',	22,	'1111111111',	8,	4),
(193,	'1',	'00010',	7,	'1111111111',	8,	3),
(192,	'1',	'00010',	25,	'1111111111',	8,	2),
(191,	'1',	'00010',	24,	'1111111111',	8,	1),
(190,	'1',	'00100',	20,	'1111111111',	8,	5),
(189,	'1',	'00100',	37,	'1111111111',	8,	4),
(188,	'1',	'00100',	39,	'1111111111',	8,	3),
(187,	'1',	'00100',	18,	'1111111111',	8,	2),
(186,	'1',	'00100',	15,	'1111111111',	8,	1),
(185,	'1',	'01000',	27,	'1111111111',	8,	5),
(184,	'1',	'01000',	29,	'1111111111',	8,	4),
(183,	'1',	'01000',	30,	'1111111111',	8,	3),
(182,	'1',	'01000',	1,	'1111111111',	8,	2),
(181,	'1',	'01000',	7,	'1111111111',	8,	1),
(180,	'1',	'10000',	28,	'1111111111',	8,	5),
(179,	'1',	'10000',	34,	'1111111111',	8,	4),
(178,	'1',	'10000',	11,	'1111111111',	8,	3),
(177,	'1',	'10000',	36,	'1111111111',	8,	2),
(176,	'1',	'10000',	7,	'1111111111',	8,	1),
(175,	'1',	'00001',	24,	'1111111111',	7,	5),
(174,	'1',	'00001',	29,	'1111111111',	7,	4),
(173,	'1',	'00001',	38,	'1111111111',	7,	3),
(172,	'1',	'00001',	22,	'1111111111',	7,	2),
(171,	'1',	'00001',	22,	'1111111111',	7,	1),
(170,	'1',	'00010',	18,	'1111111111',	7,	5),
(169,	'1',	'00010',	9,	'1111111111',	7,	4),
(168,	'1',	'00010',	9,	'1111111111',	7,	3),
(167,	'1',	'00010',	9,	'1111111111',	7,	2),
(166,	'1',	'00010',	5,	'1111111111',	7,	1),
(165,	'1',	'00100',	26,	'1111111111',	7,	5),
(164,	'1',	'00100',	4,	'1111111111',	7,	4),
(163,	'1',	'00100',	14,	'1111111111',	7,	3),
(162,	'1',	'00100',	27,	'1111111111',	7,	2),
(161,	'1',	'00100',	3,	'1111111111',	7,	1),
(160,	'1',	'01000',	36,	'1111111111',	7,	5),
(159,	'1',	'01000',	12,	'1111111111',	7,	4),
(158,	'1',	'01000',	18,	'1111111111',	7,	3),
(157,	'1',	'01000',	40,	'1111111111',	7,	2),
(156,	'1',	'01000',	26,	'1111111111',	7,	1),
(155,	'1',	'10000',	15,	'1111111111',	7,	5),
(154,	'1',	'10000',	5,	'1111111111',	7,	4),
(153,	'1',	'10000',	24,	'1111111111',	7,	3),
(152,	'1',	'10000',	30,	'1111111111',	7,	2),
(151,	'1',	'10000',	44,	'1111111111',	7,	1),
(150,	'1',	'00001',	8,	'1111111111',	6,	5),
(149,	'1',	'00001',	11,	'1111111111',	6,	4),
(148,	'1',	'00001',	9,	'1111111111',	6,	3),
(147,	'1',	'00001',	28,	'1111111111',	6,	2),
(146,	'1',	'00001',	9,	'1111111111',	6,	1),
(145,	'1',	'00010',	35,	'1111111111',	6,	5),
(144,	'1',	'00010',	23,	'1111111111',	6,	4),
(143,	'1',	'00010',	31,	'1111111111',	6,	3),
(142,	'1',	'00010',	38,	'1111111111',	6,	2),
(141,	'1',	'00010',	40,	'1111111111',	6,	1),
(140,	'1',	'00100',	38,	'1111111111',	6,	5),
(139,	'1',	'00100',	18,	'1111111111',	6,	4),
(138,	'1',	'00100',	33,	'1111111111',	6,	3),
(137,	'1',	'00100',	21,	'1111111111',	6,	2),
(136,	'1',	'00100',	1,	'1111111111',	6,	1),
(135,	'1',	'01000',	43,	'1111111111',	6,	5),
(134,	'1',	'01000',	20,	'1111111111',	6,	4),
(133,	'1',	'01000',	25,	'1111111111',	6,	3),
(132,	'1',	'01000',	25,	'1111111111',	6,	2),
(131,	'1',	'01000',	38,	'1111111111',	6,	1),
(130,	'1',	'10000',	13,	'1111111111',	6,	5),
(129,	'1',	'10000',	15,	'1111111111',	6,	4),
(128,	'1',	'10000',	41,	'1111111111',	6,	3),
(127,	'1',	'10000',	15,	'1111111111',	6,	2),
(126,	'1',	'10000',	2,	'1111111111',	6,	1),
(125,	'1',	'00001',	37,	'1111111111',	5,	5),
(124,	'1',	'00001',	2,	'1111111111',	5,	4),
(123,	'1',	'00001',	7,	'1111111111',	5,	3),
(122,	'1',	'00001',	39,	'1111111111',	5,	2),
(121,	'1',	'00001',	6,	'1111111111',	5,	1),
(120,	'1',	'00010',	37,	'1111111111',	5,	5),
(119,	'1',	'00010',	31,	'1111111111',	5,	4),
(118,	'1',	'00010',	4,	'1111111111',	5,	3),
(117,	'1',	'00010',	33,	'1111111111',	5,	2),
(116,	'1',	'00010',	34,	'1111111111',	5,	1),
(115,	'1',	'00100',	33,	'1111111111',	5,	5),
(114,	'1',	'00100',	4,	'1111111111',	5,	4),
(113,	'1',	'00100',	5,	'1111111111',	5,	3),
(112,	'1',	'00100',	35,	'1111111111',	5,	2),
(111,	'1',	'00100',	42,	'1111111111',	5,	1),
(110,	'1',	'01000',	17,	'1111111111',	5,	5),
(109,	'1',	'01000',	14,	'1111111111',	5,	4),
(108,	'1',	'01000',	21,	'1111111111',	5,	3),
(107,	'1',	'01000',	31,	'1111111111',	5,	2),
(106,	'1',	'01000',	35,	'1111111111',	5,	1),
(105,	'1',	'10000',	20,	'1111111111',	5,	5),
(104,	'1',	'10000',	37,	'1111111111',	5,	4),
(103,	'1',	'10000',	42,	'1111111111',	5,	3),
(102,	'1',	'10000',	13,	'1111111111',	5,	2),
(101,	'1',	'10000',	20,	'1111111111',	5,	1),
(100,	'1',	'00001',	40,	'1111111111',	4,	5),
(99,	'1',	'00001',	27,	'1111111111',	4,	4),
(98,	'1',	'00001',	33,	'1111111111',	4,	3),
(97,	'1',	'00001',	14,	'1111111111',	4,	2),
(96,	'1',	'00001',	29,	'1111111111',	4,	1),
(95,	'1',	'00010',	24,	'1111111111',	4,	5),
(94,	'1',	'00010',	12,	'1111111111',	4,	4),
(93,	'1',	'00010',	2,	'1111111111',	4,	3),
(92,	'1',	'00010',	38,	'1111111111',	4,	2),
(91,	'1',	'00010',	2,	'1111111111',	4,	1),
(90,	'1',	'00100',	42,	'1111111111',	4,	5),
(89,	'1',	'00100',	34,	'1111111111',	4,	4),
(88,	'1',	'00100',	41,	'1111111111',	4,	3),
(87,	'1',	'00100',	17,	'1111111111',	4,	2),
(86,	'1',	'00100',	8,	'1111111111',	4,	1),
(85,	'1',	'01000',	25,	'1111111111',	4,	5),
(84,	'1',	'01000',	19,	'1111111111',	4,	4),
(83,	'1',	'01000',	43,	'1111111111',	4,	3),
(82,	'1',	'01000',	32,	'1111111111',	4,	2),
(81,	'1',	'01000',	12,	'1111111111',	4,	1),
(80,	'1',	'10000',	40,	'1111111111',	4,	5),
(79,	'1',	'10000',	8,	'1111111111',	4,	4),
(78,	'1',	'10000',	31,	'1111111111',	4,	3),
(77,	'1',	'10000',	2,	'1111111111',	4,	2),
(76,	'1',	'10000',	39,	'1111111111',	4,	1),
(75,	'1',	'00001',	3,	'1111111111',	3,	5),
(74,	'1',	'00001',	1,	'1111111111',	3,	4),
(73,	'1',	'00001',	35,	'1111111111',	3,	3),
(72,	'1',	'00001',	34,	'1111111111',	3,	2),
(71,	'1',	'00001',	16,	'1111111111',	3,	1),
(70,	'1',	'00010',	7,	'1111111111',	3,	5),
(69,	'1',	'00010',	5,	'1111111111',	3,	4),
(68,	'1',	'00010',	22,	'1111111111',	3,	3),
(67,	'1',	'00010',	38,	'1111111111',	3,	2),
(66,	'1',	'00010',	36,	'1111111111',	3,	1),
(65,	'1',	'00100',	26,	'1111111111',	3,	5),
(64,	'1',	'00100',	30,	'1111111111',	3,	4),
(63,	'1',	'00100',	21,	'1111111111',	3,	3),
(62,	'1',	'00100',	35,	'1111111111',	3,	2),
(61,	'1',	'00100',	37,	'1111111111',	3,	1),
(60,	'1',	'01000',	16,	'1111111111',	3,	5),
(59,	'1',	'01000',	34,	'1111111111',	3,	4),
(58,	'1',	'01000',	14,	'1111111111',	3,	3),
(57,	'1',	'01000',	22,	'1111111111',	3,	2),
(56,	'1',	'01000',	23,	'1111111111',	3,	1),
(55,	'1',	'10000',	25,	'1111111111',	3,	5),
(54,	'1',	'10000',	18,	'1111111111',	3,	4),
(53,	'1',	'10000',	29,	'1111111111',	3,	3),
(52,	'1',	'10000',	37,	'1111111111',	3,	2),
(51,	'1',	'10000',	34,	'1111111111',	3,	1),
(50,	'1',	'00001',	6,	'1111111111',	2,	5),
(49,	'1',	'00001',	24,	'1111111111',	2,	4),
(48,	'1',	'00001',	11,	'1111111111',	2,	3),
(47,	'1',	'00001',	43,	'1111111111',	2,	2),
(46,	'1',	'00001',	23,	'1111111111',	2,	1),
(45,	'1',	'00010',	20,	'1111111111',	2,	5),
(44,	'1',	'00010',	17,	'1111111111',	2,	4),
(43,	'1',	'00010',	9,	'1111111111',	2,	3),
(42,	'1',	'00010',	43,	'1111111111',	2,	2),
(41,	'1',	'00010',	44,	'1111111111',	2,	1),
(40,	'1',	'00100',	14,	'1111111111',	2,	5),
(39,	'1',	'00100',	20,	'1111111111',	2,	4),
(38,	'1',	'00100',	32,	'1111111111',	2,	3),
(37,	'1',	'00100',	32,	'1111111111',	2,	2),
(36,	'1',	'00100',	34,	'1111111111',	2,	1),
(35,	'1',	'01000',	14,	'1111111111',	2,	5),
(34,	'1',	'01000',	31,	'1111111111',	2,	4),
(33,	'1',	'01000',	16,	'1111111111',	2,	3),
(32,	'1',	'01000',	36,	'1111111111',	2,	2),
(31,	'1',	'01000',	28,	'1111111111',	2,	1),
(30,	'1',	'10000',	0,	'1111111111',	2,	5),
(29,	'1',	'10000',	6,	'1111111111',	2,	4),
(28,	'1',	'10000',	15,	'1111111111',	2,	3),
(27,	'1',	'10000',	13,	'1111111111',	2,	2),
(26,	'1',	'10000',	31,	'1111111111',	2,	1),
(25,	'1',	'00001',	6,	'1111111111',	1,	5),
(24,	'1',	'00001',	4,	'1111111111',	1,	4),
(23,	'1',	'00001',	18,	'1111111111',	1,	3),
(22,	'1',	'00001',	20,	'1111111111',	1,	2),
(21,	'1',	'00001',	13,	'1111111111',	1,	1),
(20,	'1',	'00010',	21,	'1111111111',	1,	5),
(19,	'1',	'00010',	13,	'1111111111',	1,	4),
(18,	'1',	'00010',	22,	'1111111111',	1,	3),
(17,	'1',	'00010',	2,	'1111111111',	1,	2),
(16,	'1',	'00010',	38,	'1111111111',	1,	1),
(15,	'1',	'00100',	35,	'1111111111',	1,	5),
(14,	'1',	'00100',	42,	'1111111111',	1,	4),
(13,	'1',	'00100',	22,	'1111111111',	1,	3),
(12,	'1',	'00100',	4,	'1111111111',	1,	2),
(11,	'1',	'00100',	4,	'1111111111',	1,	1),
(10,	'1',	'01000',	5,	'1111111111',	1,	5),
(9,	'1',	'01000',	33,	'1111111111',	1,	4),
(8,	'1',	'01000',	29,	'1111111111',	1,	3),
(7,	'1',	'01000',	38,	'1111111111',	1,	2),
(6,	'1',	'01000',	34,	'1111111111',	1,	1),
(5,	'1',	'10000',	39,	'1111111111',	1,	5),
(4,	'1',	'10000',	0,	'1111111111',	1,	4),
(3,	'1',	'10000',	39,	'1111111111',	1,	3),
(2,	'1',	'10000',	30,	'1111111111',	1,	2),
(1,	'1',	'10000',	18,	'1111111111',	1,	1),
(875,	'1',	'00001',	2,	'1111111111',	35,	5);

CREATE TABLE `salle` (
  `code_salle` varchar(255) NOT NULL,
  `code_departement` bigint DEFAULT NULL,
  `code_type_salle` bigint DEFAULT NULL,
  `capacite_salle` int DEFAULT NULL,
  `libelle_salle` varchar(255) DEFAULT NULL,
  PRIMARY KEY (`code_salle`),
  KEY `FKfmch7mnncnd7rfuu54h633aba` (`code_departement`),
  KEY `FKgnf0h4lgps07vgvhr7a3eh9q1` (`code_type_salle`)
) ENGINE=MyISAM DEFAULT CHARSET=utf8;

INSERT INTO `salle` (`code_salle`, `code_departement`, `code_type_salle`, `capacite_salle`, `libelle_salle`) VALUES
('5',	100,	5,	20,	'L-205'),
('4',	100,	4,	20,	'L-204'),
('3',	100,	3,	20,	'L-203'),
('2',	100,	2,	20,	'L-202'),
('1',	100,	1,	20,	'L-201');

CREATE TABLE `seance` (
  `code_seance` bigint NOT NULL,
  `date_seance` varchar(255) DEFAULT NULL,
  `duree_seance` varchar(255) DEFAULT NULL,
  `code_classe` bigint DEFAULT NULL,
  `numero_commentaire` bigint DEFAULT NULL,
  `code_salle` varchar(255) DEFAULT NULL,
  `code_type_seance` bigint DEFAULT NULL,
  `libelle_matiere` varchar(255) DEFAULT NULL,
  PRIMARY KEY (`code_seance`),
  KEY `FK8if8w2gaqd3htskn3s0w24f0m` (`code_classe`),
  KEY `FKet7u8dpkg1yym1fnlwut4tdwm` (`numero_commentaire`),
  KEY `FKs8qekijtd3segx8sumgllpi46` (`code_salle`),
  KEY `FKoh8f6edpbjfgct2ujhowsla32` (`code_type_seance`)
) ENGINE=MyISAM DEFAULT CHARSET=utf8;


CREATE TABLE `seance_enseignant` (
  `code_seance` bigint NOT NULL,
  `matricule_enseignant` varchar(15) NOT NULL,
  KEY `FKse12ewhafppd6sc2gqspa4wps` (`matricule_enseignant`),
  KEY `FK2kch6c110x887q5pqxuxlcwgx` (`code_seance`)
) ENGINE=MyISAM DEFAULT CHARSET=utf8;

INSERT INTO `seance_enseignant` (`code_seance`, `matricule_enseignant`) VALUES
(3,	'1'),
(2,	'1'),
(2,	'2'),
(1,	'1');

CREATE TABLE `statut_enseignant` (
  `code_statut` bigint NOT NULL,
  `libelle_statut` varchar(255) DEFAULT NULL,
  PRIMARY KEY (`code_statut`)
) ENGINE=MyISAM DEFAULT CHARSET=utf8;


CREATE TABLE `type_salle` (
  `code_type_salle` bigint NOT NULL,
  `libelle_type_salle` varchar(30) DEFAULT NULL,
  PRIMARY KEY (`code_type_salle`)
) ENGINE=MyISAM DEFAULT CHARSET=utf8;

INSERT INTO `type_salle` (`code_type_salle`, `libelle_type_salle`) VALUES
(5,	'SALLE-TD'),
(4,	'SALLE-TD'),
(3,	'SALLE-TD'),
(2,	'AMPHI'),
(1,	'AMPHI');

CREATE TABLE `type_seance` (
  `code_type_seance` bigint NOT NULL,
  `couleur_type_cours` varchar(255) DEFAULT NULL,
  `libelle_type_cours` varchar(255) DEFAULT NULL,
  PRIMARY KEY (`code_type_seance`)
) ENGINE=MyISAM DEFAULT CHARSET=utf8;

INSERT INTO `type_seance` (`code_type_seance`, `couleur_type_cours`, `libelle_type_cours`) VALUES
(4,	'Rouge',	'Examen'),
(3,	'Orange',	'Travaux Pratiques'),
(2,	'Vert',	'Travaux Dirigés'),
(1,	'Jaune',	'Cours Magistral');

CREATE TABLE `ue_etape` (
  `code_ue` varchar(255) NOT NULL,
  `code_etape` varchar(15) NOT NULL,
  KEY `FK51rrqqdljqvo4lxtrjxhyhufx` (`code_etape`),
  KEY `FKj3gih08xd2e97oynstvx7aos6` (`code_ue`)
) ENGINE=MyISAM DEFAULT CHARSET=utf8;

INSERT INTO `ue_etape` (`code_ue`, `code_etape`) VALUES
('9',	'1'),
('8',	'1'),
('7',	'1'),
('6',	'1'),
('5',	'1'),
('4',	'1'),
('3',	'1'),
('2',	'1'),
('1',	'1');

CREATE TABLE `unite_enseignement` (
  `code_ue` varchar(255) NOT NULL,
  `ects_ue` int DEFAULT NULL,
  `charge_prevu_cm_ue` int DEFAULT NULL,
  `charge_prevu_tp_ue` int DEFAULT NULL,
  `effectif_prevu_ue` int DEFAULT NULL,
  `nom_ue` varchar(255) DEFAULT NULL,
  `volume_horaire_ue` varchar(255) DEFAULT NULL,
  `code_periode` bigint DEFAULT NULL,
  PRIMARY KEY (`code_ue`),
  KEY `FKboxwqvl513hb4xio40bpi8rq7` (`code_periode`)
) ENGINE=MyISAM DEFAULT CHARSET=utf8;

INSERT INTO `unite_enseignement` (`code_ue`, `ects_ue`, `charge_prevu_cm_ue`, `charge_prevu_tp_ue`, `effectif_prevu_ue`, `nom_ue`, `volume_horaire_ue`, `code_periode`) VALUES
('5',	5,	0,	18,	50,	'UE7',	'18',	1),
('4',	3,	8,	20,	50,	'UE4',	'30',	1),
('3',	5,	20,	16,	50,	'UE3',	'48',	1),
('2',	5,	16,	24,	50,	'UE2',	'40',	1),
('1',	5,	12,	16,	50,	'UE1',	'40',	1);

CREATE TABLE `universite` (
  `code_universite` bigint NOT NULL,
  `lieu_universite` varchar(255) DEFAULT NULL,
  `nom_universite` varchar(255) DEFAULT NULL,
  PRIMARY KEY (`code_universite`)
) ENGINE=MyISAM DEFAULT CHARSET=utf8;

INSERT INTO `universite` (`code_universite`, `lieu_universite`, `nom_universite`) VALUES
(10,	'Université Angers',	'Angers');

-- 2021-02-09 23:57:52